geoName,Content marketing,Digital marketing,AI marketing,SEO optimization,Email marketing,Social media strategy,Influencer marketing,Content creation,Copywriting,Brand storytelling,Marketing automation,Google ads,Facebook ads,Audience engagement,Video marketing,Lead generation,CRM marketing,Product marketing
Afghanistan,8.0,68.0,14.0,1.0,9.0,,,,,,,,,,,,,
Albania,9.0,72.0,5.0,1.0,13.0,,,,,,,,,,,,,
Algeria,3.0,59.0,33.0,0.0,5.0,,,,,,,,,,,,,
American Samoa,0.0,100.0,0.0,0.0,0.0,,,,,,,,,,,,,
Andorra,6.0,79.0,5.0,0.0,10.0,,,,,,,,,,,,,
Angola,1.0,95.0,0.0,0.0,4.0,,,,,,,,,,,,,
Anguilla,0.0,0.0,0.0,0.0,0.0,,,,,,,,,,,,,
Antarctica,0.0,0.0,0.0,0.0,0.0,,,,,,,,,,,,,
Antigua & Barbuda,16.0,66.0,0.0,0.0,18.0,,,,,,,,,,,,,
Argentina,4.0,86.0,1.0,0.0,9.0,,,,,,,,,,,,,
Armenia,12.0,65.0,7.0,3.0,13.0,,,,,,,,,,,,,
Aruba,10.0,77.0,0.0,0.0,13.0,,,,,,,,,,,,,
Australia,10.0,65.0,6.0,1.0,18.0,,,,,,,,,,,,,
Austria,22.0,53.0,8.0,2.0,15.0,,,,,,,,,,,,,
Azerbaijan,8.0,69.0,13.0,1.0,9.0,,,,,,,,,,,,,
Bahamas,13.0,66.0,4.0,1.0,16.0,,,,,,,,,,,,,
Bahrain,8.0,72.0,5.0,2.0,13.0,,,,,,,,,,,,,
Bangladesh,5.0,82.0,2.0,1.0,10.0,,,,,,,,,,,,,
Barbados,13.0,65.0,3.0,1.0,18.0,,,,,,,,,,,,,
Belarus,11.0,60.0,13.0,3.0,13.0,,,,,,,,,,,,,
Belgium,12.0,54.0,24.0,1.0,9.0,,,,,,,,,,,,,
Belize,8.0,70.0,4.0,0.0,18.0,,,,,,,,,,,,,
Benin,2.0,55.0,40.0,0.0,3.0,,,,,,,,,,,,,
Bermuda,11.0,67.0,0.0,6.0,16.0,,,,,,,,,,,,,
Bhutan,5.0,83.0,4.0,0.0,8.0,,,,,,,,,,,,,
Bolivia,2.0,92.0,1.0,0.0,5.0,,,,,,,,,,,,,
Bosnia & Herzegovina,10.0,67.0,7.0,3.0,13.0,,,,,,,,,,,,,
Botswana,6.0,76.0,8.0,0.0,10.0,,,,,,,,,,,,,
Bouvet Island,0.0,0.0,0.0,0.0,0.0,,,,,,,,,,,,,
Brazil,2.0,91.0,0.0,0.0,7.0,,,,,,,,,,,,,
British Indian Ocean Territory,0.0,0.0,0.0,0.0,0.0,,,,,,,,,,,,,
British Virgin Islands,0.0,81.0,19.0,0.0,0.0,,,,,,,,,,,,,
Brunei,10.0,67.0,7.0,1.0,15.0,,,,,,,,,,,,,
Bulgaria,10.0,65.0,5.0,4.0,16.0,,,,,,,,,,,,,
Burkina Faso,1.0,29.0,70.0,0.0,0.0,,,,,,,,,,,,,
Burundi,0.0,12.0,87.0,0.0,1.0,,,,,,,,,,,,,
Cambodia,9.0,80.0,4.0,1.0,6.0,,,,,,,,,,,,,
Cameroon,3.0,74.0,20.0,0.0,3.0,,,,,,,,,,,,,
Canada,10.0,64.0,7.0,1.0,18.0,,,,,,,,,,,,,
Cape Verde,8.0,80.0,0.0,0.0,12.0,,,,,,,,,,,,,
Caribbean Netherlands,0.0,100.0,0.0,0.0,0.0,,,,,,,,,,,,,
Cayman Islands,13.0,68.0,4.0,0.0,15.0,,,,,,,,,,,,,
Central African Republic,0.0,100.0,0.0,0.0,0.0,,,,,,,,,,,,,
Chad,0.0,72.0,28.0,0.0,0.0,,,,,,,,,,,,,
Chile,3.0,87.0,3.0,0.0,7.0,,,,,,,,,,,,,
China,13.0,56.0,10.0,2.0,19.0,,,,,,,,,,,,,
Christmas Island,0.0,0.0,0.0,0.0,0.0,,,,,,,,,,,,,
Cocos (Keeling) Islands,0.0,0.0,0.0,0.0,0.0,,,,,,,,,,,,,
Colombia,2.0,89.0,1.0,0.0,8.0,,,,,,,,,,,,,
Comoros,0.0,100.0,0.0,0.0,0.0,,,,,,,,,,,,,
Congo - Brazzaville,2.0,71.0,25.0,0.0,2.0,,,,,,,,,,,,,
Congo - Kinshasa,2.0,79.0,17.0,0.0,2.0,,,,,,,,,,,,,
Cook Islands,0.0,100.0,0.0,0.0,0.0,,,,,,,,,,,,,
Costa Rica,3.0,83.0,3.0,0.0,11.0,,,,,,,,,,,,,
Croatia,10.0,47.0,27.0,3.0,13.0,,,,,,,,,,,,,
Cuba,3.0,85.0,3.0,1.0,8.0,,,,,,,,,,,,,
Curaçao,13.0,66.0,0.0,0.0,21.0,,,,,,,,,,,,,
Cyprus,8.0,66.0,10.0,2.0,14.0,,,,,,,,,,,,,
Czechia,17.0,49.0,10.0,4.0,20.0,,,,,,,,,,,,,
Côte d’Ivoire,1.0,43.0,55.0,0.0,1.0,,,,,,,,,,,,,
Denmark,18.0,51.0,8.0,3.0,20.0,,,,,,,,,,,,,
Djibouti,0.0,93.0,7.0,0.0,0.0,,,,,,,,,,,,,
Dominica,5.0,42.0,48.0,0.0,5.0,,,,,,,,,,,,,
Dominican Republic,4.0,85.0,3.0,0.0,8.0,,,,,,,,,,,,,
Ecuador,3.0,89.0,2.0,0.0,6.0,,,,,,,,,,,,,
Egypt,8.0,68.0,16.0,1.0,7.0,,,,,,,,,,,,,
El Salvador,3.0,88.0,1.0,0.0,8.0,,,,,,,,,,,,,
Equatorial Guinea,0.0,79.0,21.0,0.0,0.0,,,,,,,,,,,,,
Eritrea,0.0,100.0,0.0,0.0,0.0,,,,,,,,,,,,,
Estonia,16.0,49.0,12.0,6.0,17.0,,,,,,,,,,,,,
Eswatini,7.0,79.0,4.0,0.0,10.0,,,,,,,,,,,,,
Ethiopia,7.0,82.0,4.0,0.0,7.0,,,,,,,,,,,,,
Falkland Islands (Islas Malvinas),0.0,0.0,0.0,0.0,0.0,,,,,,,,,,,,,
Faroe Islands,0.0,100.0,0.0,0.0,0.0,,,,,,,,,,,,,
Fiji,4.0,78.0,6.0,0.0,12.0,,,,,,,,,,,,,
Finland,16.0,59.0,8.0,4.0,13.0,,,,,,,,,,,,,
France,3.0,69.0,24.0,0.0,4.0,,,,,,,,,,,,,
French Guiana,0.0,76.0,24.0,0.0,0.0,,,,,,,,,,,,,
French Polynesia,0.0,73.0,10.0,0.0,17.0,,,,,,,,,,,,,
French Southern Territories,0.0,0.0,0.0,0.0,0.0,,,,,,,,,,,,,
Gabon,3.0,72.0,23.0,0.0,2.0,,,,,,,,,,,,,
Gambia,9.0,82.0,0.0,2.0,7.0,,,,,,,,,,,,,
Georgia,11.0,66.0,8.0,3.0,12.0,,,,,,,,,,,,,
Germany,22.0,53.0,8.0,1.0,16.0,,,,,,,,,,,,,
Ghana,8.0,77.0,6.0,1.0,8.0,,,,,,,,,,,,,
Gibraltar,18.0,67.0,0.0,0.0,15.0,,,,,,,,,,,,,
Greece,6.0,77.0,6.0,1.0,10.0,,,,,,,,,,,,,
Greenland,0.0,100.0,0.0,0.0,0.0,,,,,,,,,,,,,
Grenada,9.0,66.0,6.0,0.0,19.0,,,,,,,,,,,,,
Guadeloupe,1.0,56.0,41.0,0.0,2.0,,,,,,,,,,,,,
Guam,9.0,68.0,0.0,0.0,23.0,,,,,,,,,,,,,
Guatemala,3.0,87.0,2.0,0.0,8.0,,,,,,,,,,,,,
Guernsey,0.0,78.0,0.0,0.0,22.0,,,,,,,,,,,,,
Guinea,0.0,84.0,16.0,0.0,0.0,,,,,,,,,,,,,
Guinea-Bissau,0.0,89.0,11.0,0.0,0.0,,,,,,,,,,,,,
Guyana,11.0,71.0,4.0,1.0,13.0,,,,,,,,,,,,,
Haiti,4.0,71.0,20.0,0.0,5.0,,,,,,,,,,,,,
Heard & McDonald Islands,0.0,0.0,0.0,0.0,0.0,,,,,,,,,,,,,
Honduras,3.0,87.0,2.0,0.0,8.0,,,,,,,,,,,,,
Hong Kong,11.0,71.0,5.0,1.0,12.0,,,,,,,,,,,,,
Hungary,10.0,41.0,31.0,3.0,15.0,,,,,,,,,,,,,
Iceland,13.0,59.0,11.0,0.0,17.0,,,,,,,,,,,,,
India,5.0,85.0,3.0,1.0,6.0,,,,,,,,,,,,,
Indonesia,8.0,82.0,2.0,0.0,8.0,,,,,,,,,,,,,
Iran,11.0,73.0,5.0,1.0,10.0,,,,,,,,,,,,,
Iraq,10.0,76.0,4.0,1.0,9.0,,,,,,,,,,,,,
Ireland,8.0,73.0,4.0,1.0,14.0,,,,,,,,,,,,,
Isle of Man,9.0,73.0,0.0,0.0,18.0,,,,,,,,,,,,,
Israel,10.0,52.0,20.0,1.0,17.0,,,,,,,,,,,,,
Italy,8.0,65.0,14.0,1.0,12.0,,,,,,,,,,,,,
Jamaica,10.0,69.0,4.0,1.0,16.0,,,,,,,,,,,,,
Japan,9.0,68.0,9.0,4.0,10.0,,,,,,,,,,,,,
Jersey,7.0,69.0,6.0,0.0,18.0,,,,,,,,,,,,,
Jordan,6.0,57.0,29.0,1.0,7.0,,,,,,,,,,,,,
Kazakhstan,8.0,55.0,28.0,1.0,8.0,,,,,,,,,,,,,
Kenya,8.0,75.0,4.0,1.0,12.0,,,,,,,,,,,,,
Kiribati,0.0,0.0,0.0,0.0,0.0,,,,,,,,,,,,,
Kosovo,11.0,67.0,6.0,1.0,15.0,,,,,,,,,,,,,
Kuwait,6.0,70.0,14.0,1.0,9.0,,,,,,,,,,,,,
Kyrgyzstan,9.0,63.0,17.0,2.0,9.0,,,,,,,,,,,,,
Laos,12.0,75.0,4.0,1.0,8.0,,,,,,,,,,,,,
Latvia,13.0,57.0,12.0,4.0,14.0,,,,,,,,,,,,,
Lebanon,7.0,73.0,11.0,1.0,8.0,,,,,,,,,,,,,
Lesotho,8.0,77.0,4.0,0.0,11.0,,,,,,,,,,,,,
Liberia,11.0,79.0,5.0,0.0,5.0,,,,,,,,,,,,,
Libya,9.0,69.0,11.0,1.0,10.0,,,,,,,,,,,,,
Liechtenstein,0.0,100.0,0.0,0.0,0.0,,,,,,,,,,,,,
Lithuania,9.0,53.0,24.0,2.0,12.0,,,,,,,,,,,,,
Luxembourg,8.0,62.0,18.0,1.0,11.0,,,,,,,,,,,,,
Macao,11.0,78.0,0.0,0.0,11.0,,,,,,,,,,,,,
Madagascar,5.0,71.0,17.0,0.0,7.0,,,,,,,,,,,,,
Malawi,8.0,77.0,6.0,0.0,9.0,,,,,,,,,,,,,
Malaysia,11.0,72.0,4.0,1.0,12.0,,,,,,,,,,,,,
Maldives,9.0,67.0,8.0,0.0,16.0,,,,,,,,,,,,,
Mali,1.0,74.0,23.0,0.0,2.0,,,,,,,,,,,,,
Malta,9.0,70.0,6.0,1.0,14.0,,,,,,,,,,,,,
Marshall Islands,0.0,0.0,0.0,0.0,0.0,,,,,,,,,,,,,
Martinique,2.0,44.0,53.0,0.0,1.0,,,,,,,,,,,,,
Mauritania,6.0,68.0,21.0,0.0,5.0,,,,,,,,,,,,,
Mauritius,7.0,75.0,7.0,0.0,11.0,,,,,,,,,,,,,
Mayotte,0.0,48.0,52.0,0.0,0.0,,,,,,,,,,,,,
Mexico,3.0,86.0,2.0,0.0,9.0,,,,,,,,,,,,,
Micronesia,0.0,0.0,0.0,0.0,0.0,,,,,,,,,,,,,
Moldova,8.0,65.0,13.0,2.0,12.0,,,,,,,,,,,,,
Monaco,0.0,0.0,0.0,0.0,0.0,,,,,,,,,,,,,
Mongolia,13.0,72.0,4.0,1.0,10.0,,,,,,,,,,,,,
Montenegro,8.0,58.0,17.0,2.0,15.0,,,,,,,,,,,,,
Montserrat,0.0,0.0,0.0,0.0,0.0,,,,,,,,,,,,,
Morocco,3.0,70.0,20.0,0.0,7.0,,,,,,,,,,,,,
Mozambique,2.0,90.0,2.0,0.0,6.0,,,,,,,,,,,,,
Myanmar (Burma),9.0,80.0,4.0,0.0,7.0,,,,,,,,,,,,,
Namibia,7.0,75.0,4.0,0.0,14.0,,,,,,,,,,,,,
Nauru,0.0,0.0,0.0,0.0,0.0,,,,,,,,,,,,,
Nepal,6.0,78.0,8.0,1.0,7.0,,,,,,,,,,,,,
Netherlands,19.0,49.0,11.0,2.0,19.0,,,,,,,,,,,,,
New Caledonia,0.0,61.0,39.0,0.0,0.0,,,,,,,,,,,,,
New Zealand,10.0,67.0,5.0,1.0,17.0,,,,,,,,,,,,,
Nicaragua,3.0,88.0,2.0,0.0,7.0,,,,,,,,,,,,,
Niger,5.0,68.0,23.0,0.0,4.0,,,,,,,,,,,,,
Nigeria,10.0,68.0,3.0,1.0,18.0,,,,,,,,,,,,,
Niue,0.0,0.0,0.0,0.0,0.0,,,,,,,,,,,,,
Norfolk Island,0.0,0.0,0.0,0.0,0.0,,,,,,,,,,,,,
North Korea,0.0,0.0,0.0,0.0,0.0,,,,,,,,,,,,,
North Macedonia,8.0,57.0,19.0,2.0,14.0,,,,,,,,,,,,,
Northern Mariana Islands,0.0,100.0,0.0,0.0,0.0,,,,,,,,,,,,,
Norway,14.0,62.0,8.0,3.0,13.0,,,,,,,,,,,,,
Oman,7.0,74.0,8.0,1.0,10.0,,,,,,,,,,,,,
Pakistan,7.0,80.0,3.0,1.0,9.0,,,,,,,,,,,,,
Palau,0.0,0.0,0.0,0.0,0.0,,,,,,,,,,,,,
Palestine,11.0,72.0,5.0,2.0,10.0,,,,,,,,,,,,,
Panama,3.0,84.0,3.0,0.0,10.0,,,,,,,,,,,,,
Papua New Guinea,6.0,75.0,7.0,0.0,12.0,,,,,,,,,,,,,
Paraguay,3.0,90.0,1.0,0.0,6.0,,,,,,,,,,,,,
Peru,2.0,91.0,1.0,0.0,6.0,,,,,,,,,,,,,
Philippines,12.0,66.0,4.0,1.0,17.0,,,,,,,,,,,,,
Pitcairn Islands,0.0,0.0,0.0,0.0,0.0,,,,,,,,,,,,,
Poland,19.0,53.0,13.0,2.0,13.0,,,,,,,,,,,,,
Portugal,4.0,82.0,3.0,0.0,11.0,,,,,,,,,,,,,
Puerto Rico,7.0,70.0,4.0,1.0,18.0,,,,,,,,,,,,,
Qatar,6.0,77.0,7.0,1.0,9.0,,,,,,,,,,,,,
Romania,8.0,66.0,11.0,2.0,13.0,,,,,,,,,,,,,
Russia,12.0,70.0,5.0,2.0,11.0,,,,,,,,,,,,,
Rwanda,6.0,51.0,36.0,0.0,7.0,,,,,,,,,,,,,
Réunion,2.0,69.0,25.0,0.0,4.0,,,,,,,,,,,,,
Samoa,0.0,100.0,0.0,0.0,0.0,,,,,,,,,,,,,
San Marino,0.0,80.0,0.0,0.0,20.0,,,,,,,,,,,,,
Saudi Arabia,7.0,73.0,10.0,1.0,9.0,,,,,,,,,,,,,
Senegal,3.0,77.0,17.0,0.0,3.0,,,,,,,,,,,,,
Serbia,10.0,58.0,15.0,3.0,14.0,,,,,,,,,,,,,
Seychelles,0.0,84.0,16.0,0.0,0.0,,,,,,,,,,,,,
Sierra Leone,9.0,76.0,7.0,0.0,8.0,,,,,,,,,,,,,
Singapore,12.0,68.0,5.0,1.0,14.0,,,,,,,,,,,,,
Sint Maarten,12.0,76.0,12.0,0.0,0.0,,,,,,,,,,,,,
Slovakia,19.0,52.0,9.0,2.0,18.0,,,,,,,,,,,,,
Slovenia,9.0,55.0,16.0,3.0,17.0,,,,,,,,,,,,,
Solomon Islands,0.0,100.0,0.0,0.0,0.0,,,,,,,,,,,,,
Somalia,6.0,82.0,6.0,0.0,6.0,,,,,,,,,,,,,
South Africa,7.0,76.0,3.0,1.0,13.0,,,,,,,,,,,,,
South Georgia & South Sandwich Islands,0.0,0.0,0.0,0.0,0.0,,,,,,,,,,,,,
South Korea,12.0,75.0,2.0,1.0,10.0,,,,,,,,,,,,,
South Sudan,5.0,80.0,7.0,0.0,8.0,,,,,,,,,,,,,
Spain,5.0,79.0,3.0,0.0,13.0,,,,,,,,,,,,,
Sri Lanka,6.0,82.0,4.0,1.0,7.0,,,,,,,,,,,,,
St. Barthélemy,0.0,79.0,21.0,0.0,0.0,,,,,,,,,,,,,
St. Helena,12.0,71.0,4.0,3.0,10.0,,,,,,,,,,,,,
St. Kitts & Nevis,12.0,74.0,0.0,0.0,14.0,,,,,,,,,,,,,
St. Lucia,10.0,69.0,8.0,0.0,13.0,,,,,,,,,,,,,
St. Martin,0.0,29.0,71.0,0.0,0.0,,,,,,,,,,,,,
St. Pierre & Miquelon,0.0,0.0,0.0,0.0,0.0,,,,,,,,,,,,,
St. Vincent & Grenadines,10.0,65.0,8.0,0.0,17.0,,,,,,,,,,,,,
Sudan,8.0,69.0,13.0,1.0,9.0,,,,,,,,,,,,,
Suriname,13.0,69.0,6.0,0.0,12.0,,,,,,,,,,,,,
Svalbard & Jan Mayen,0.0,0.0,0.0,0.0,0.0,,,,,,,,,,,,,
Sweden,15.0,64.0,7.0,2.0,12.0,,,,,,,,,,,,,
Switzerland,13.0,65.0,11.0,1.0,10.0,,,,,,,,,,,,,
Syria,9.0,57.0,26.0,1.0,7.0,,,,,,,,,,,,,
São Tomé & Príncipe,0.0,100.0,0.0,0.0,0.0,,,,,,,,,,,,,
Taiwan,12.0,74.0,3.0,1.0,10.0,,,,,,,,,,,,,
Tajikistan,10.0,74.0,7.0,0.0,9.0,,,,,,,,,,,,,
Tanzania,8.0,76.0,5.0,1.0,10.0,,,,,,,,,,,,,
Thailand,14.0,73.0,3.0,1.0,9.0,,,,,,,,,,,,,
Timor-Leste,0.0,100.0,0.0,0.0,0.0,,,,,,,,,,,,,
Togo,2.0,52.0,43.0,0.0,3.0,,,,,,,,,,,,,
Tokelau,0.0,0.0,0.0,0.0,0.0,,,,,,,,,,,,,
Tonga,0.0,100.0,0.0,0.0,0.0,,,,,,,,,,,,,
Trinidad & Tobago,12.0,66.0,4.0,1.0,17.0,,,,,,,,,,,,,
Tunisia,4.0,84.0,7.0,0.0,5.0,,,,,,,,,,,,,
Turkmenistan,0.0,73.0,27.0,0.0,0.0,,,,,,,,,,,,,
Turks & Caicos Islands,0.0,82.0,0.0,0.0,18.0,,,,,,,,,,,,,
Tuvalu,0.0,0.0,0.0,0.0,0.0,,,,,,,,,,,,,
Türkiye,8.0,62.0,19.0,2.0,9.0,,,,,,,,,,,,,
U.S. Outlying Islands,0.0,0.0,0.0,0.0,0.0,,,,,,,,,,,,,
U.S. Virgin Islands,17.0,66.0,0.0,0.0,17.0,,,,,,,,,,,,,
Uganda,8.0,74.0,7.0,0.0,11.0,,,,,,,,,,,,,
Ukraine,10.0,65.0,11.0,2.0,12.0,,,,,,,,,,,,,
United Arab Emirates,5.0,78.0,5.0,1.0,11.0,,,,,,,,,,,,,
United Kingdom,11.0,66.0,5.0,1.0,17.0,,,,,,,,,,,,,
United States,13.0,59.0,9.0,2.0,17.0,,,,,,,,,,,,,
Uruguay,3.0,88.0,1.0,0.0,8.0,,,,,,,,,,,,,
Uzbekistan,9.0,67.0,13.0,2.0,9.0,,,,,,,,,,,,,
Vanuatu,0.0,100.0,0.0,0.0,0.0,,,,,,,,,,,,,
Vatican City,0.0,0.0,0.0,0.0,0.0,,,,,,,,,,,,,
Venezuela,4.0,87.0,2.0,0.0,7.0,,,,,,,,,,,,,
Vietnam,15.0,66.0,9.0,1.0,9.0,,,,,,,,,,,,,
Wallis & Futuna,0.0,0.0,0.0,0.0,0.0,,,,,,,,,,,,,
Western Sahara,0.0,65.0,29.0,0.0,6.0,,,,,,,,,,,,,
Yemen,9.0,65.0,17.0,1.0,8.0,,,,,,,,,,,,,
Zambia,8.0,77.0,5.0,0.0,10.0,,,,,,,,,,,,,
Zimbabwe,8.0,79.0,4.0,0.0,9.0,,,,,,,,,,,,,
Åland Islands,0.0,100.0,0.0,0.0,0.0,,,,,,,,,,,,,
Afghanistan,,,,,,0.0,21.0,13.0,66.0,0.0,,,,,,,,
Albania,,,,,,12.0,18.0,12.0,58.0,0.0,,,,,,,,
Algeria,,,,,,5.0,12.0,14.0,69.0,0.0,,,,,,,,
American Samoa,,,,,,0.0,0.0,0.0,0.0,0.0,,,,,,,,
Andorra,,,,,,0.0,0.0,0.0,100.0,0.0,,,,,,,,
Angola,,,,,,0.0,6.0,4.0,90.0,0.0,,,,,,,,
Anguilla,,,,,,0.0,0.0,0.0,0.0,0.0,,,,,,,,
Antarctica,,,,,,0.0,0.0,0.0,0.0,0.0,,,,,,,,
Antigua & Barbuda,,,,,,0.0,35.0,29.0,36.0,0.0,,,,,,,,
Argentina,,,,,,5.0,15.0,8.0,72.0,0.0,,,,,,,,
Armenia,,,,,,8.0,27.0,11.0,54.0,0.0,,,,,,,,
Aruba,,,,,,0.0,0.0,0.0,0.0,0.0,,,,,,,,
Australia,,,,,,12.0,14.0,22.0,51.0,1.0,,,,,,,,
Austria,,,,,,5.0,34.0,18.0,42.0,1.0,,,,,,,,
Azerbaijan,,,,,,11.0,28.0,12.0,49.0,0.0,,,,,,,,
Bahamas,,,,,,7.0,18.0,19.0,56.0,0.0,,,,,,,,
Bahrain,,,,,,16.0,19.0,21.0,44.0,0.0,,,,,,,,
Bangladesh,,,,,,10.0,21.0,19.0,50.0,0.0,,,,,,,,
Barbados,,,,,,13.0,22.0,23.0,42.0,0.0,,,,,,,,
Belarus,,,,,,7.0,32.0,13.0,48.0,0.0,,,,,,,,
Belgium,,,,,,5.0,23.0,13.0,59.0,0.0,,,,,,,,
Belize,,,,,,21.0,16.0,21.0,42.0,0.0,,,,,,,,
Benin,,,,,,2.0,4.0,5.0,89.0,0.0,,,,,,,,
Bermuda,,,,,,0.0,0.0,0.0,0.0,0.0,,,,,,,,
Bhutan,,,,,,25.0,0.0,42.0,33.0,0.0,,,,,,,,
Bolivia,,,,,,3.0,14.0,7.0,76.0,0.0,,,,,,,,
Bosnia & Herzegovina,,,,,,4.0,11.0,9.0,76.0,0.0,,,,,,,,
Botswana,,,,,,21.0,16.0,27.0,36.0,0.0,,,,,,,,
Bouvet Island,,,,,,0.0,0.0,0.0,0.0,0.0,,,,,,,,
Brazil,,,,,,2.0,10.0,3.0,85.0,0.0,,,,,,,,
British Indian Ocean Territory,,,,,,0.0,0.0,0.0,0.0,0.0,,,,,,,,
British Virgin Islands,,,,,,0.0,0.0,0.0,0.0,0.0,,,,,,,,
Brunei,,,,,,15.0,14.0,15.0,56.0,0.0,,,,,,,,
Bulgaria,,,,,,7.0,17.0,14.0,61.0,1.0,,,,,,,,
Burkina Faso,,,,,,0.0,0.0,11.0,89.0,0.0,,,,,,,,
Burundi,,,,,,0.0,0.0,0.0,100.0,0.0,,,,,,,,
Cambodia,,,,,,13.0,20.0,16.0,50.0,1.0,,,,,,,,
Cameroon,,,,,,4.0,6.0,21.0,69.0,0.0,,,,,,,,
Canada,,,,,,13.0,19.0,22.0,45.0,1.0,,,,,,,,
Cape Verde,,,,,,0.0,31.0,16.0,53.0,0.0,,,,,,,,
Caribbean Netherlands,,,,,,0.0,0.0,0.0,0.0,0.0,,,,,,,,
Cayman Islands,,,,,,0.0,39.0,0.0,61.0,0.0,,,,,,,,
Central African Republic,,,,,,0.0,0.0,0.0,0.0,0.0,,,,,,,,
Chad,,,,,,0.0,0.0,0.0,100.0,0.0,,,,,,,,
Chile,,,,,,4.0,22.0,8.0,65.0,1.0,,,,,,,,
China,,,,,,10.0,37.0,16.0,36.0,1.0,,,,,,,,
Christmas Island,,,,,,0.0,0.0,0.0,0.0,0.0,,,,,,,,
Cocos (Keeling) Islands,,,,,,0.0,0.0,0.0,0.0,0.0,,,,,,,,
Colombia,,,,,,5.0,23.0,7.0,64.0,1.0,,,,,,,,
Comoros,,,,,,0.0,0.0,0.0,0.0,0.0,,,,,,,,
Congo - Brazzaville,,,,,,0.0,0.0,14.0,86.0,0.0,,,,,,,,
Congo - Kinshasa,,,,,,6.0,11.0,0.0,83.0,0.0,,,,,,,,
Cook Islands,,,,,,0.0,0.0,0.0,0.0,0.0,,,,,,,,
Costa Rica,,,,,,6.0,17.0,13.0,64.0,0.0,,,,,,,,
Croatia,,,,,,5.0,16.0,9.0,69.0,1.0,,,,,,,,
Cuba,,,,,,0.0,15.0,9.0,76.0,0.0,,,,,,,,
Curaçao,,,,,,0.0,0.0,32.0,68.0,0.0,,,,,,,,
Cyprus,,,,,,12.0,25.0,19.0,43.0,1.0,,,,,,,,
Czechia,,,,,,3.0,20.0,6.0,71.0,0.0,,,,,,,,
Côte d’Ivoire,,,,,,3.0,8.0,8.0,81.0,0.0,,,,,,,,
Denmark,,,,,,6.0,46.0,13.0,34.0,1.0,,,,,,,,
Djibouti,,,,,,0.0,0.0,0.0,100.0,0.0,,,,,,,,
Dominica,,,,,,0.0,0.0,0.0,0.0,0.0,,,,,,,,
Dominican Republic,,,,,,7.0,20.0,12.0,60.0,1.0,,,,,,,,
Ecuador,,,,,,6.0,21.0,9.0,64.0,0.0,,,,,,,,
Egypt,,,,,,11.0,16.0,22.0,50.0,1.0,,,,,,,,
El Salvador,,,,,,6.0,28.0,7.0,59.0,0.0,,,,,,,,
Equatorial Guinea,,,,,,0.0,0.0,0.0,100.0,0.0,,,,,,,,
Eritrea,,,,,,0.0,0.0,0.0,0.0,0.0,,,,,,,,
Estonia,,,,,,8.0,16.0,12.0,64.0,0.0,,,,,,,,
Eswatini,,,,,,34.0,17.0,22.0,27.0,0.0,,,,,,,,
Ethiopia,,,,,,16.0,11.0,31.0,42.0,0.0,,,,,,,,
Falkland Islands (Islas Malvinas),,,,,,0.0,0.0,0.0,0.0,0.0,,,,,,,,
Faroe Islands,,,,,,0.0,0.0,0.0,0.0,0.0,,,,,,,,
Fiji,,,,,,20.0,12.0,39.0,29.0,0.0,,,,,,,,
Finland,,,,,,9.0,23.0,18.0,48.0,2.0,,,,,,,,
France,,,,,,5.0,11.0,9.0,73.0,2.0,,,,,,,,
French Guiana,,,,,,0.0,0.0,0.0,100.0,0.0,,,,,,,,
French Polynesia,,,,,,0.0,0.0,0.0,100.0,0.0,,,,,,,,
French Southern Territories,,,,,,0.0,0.0,0.0,0.0,0.0,,,,,,,,
Gabon,,,,,,0.0,16.0,0.0,84.0,0.0,,,,,,,,
Gambia,,,,,,0.0,20.0,27.0,53.0,0.0,,,,,,,,
Georgia,,,,,,7.0,16.0,10.0,67.0,0.0,,,,,,,,
Germany,,,,,,4.0,41.0,14.0,40.0,1.0,,,,,,,,
Ghana,,,,,,14.0,11.0,38.0,37.0,0.0,,,,,,,,
Gibraltar,,,,,,0.0,0.0,0.0,100.0,0.0,,,,,,,,
Greece,,,,,,10.0,19.0,14.0,56.0,1.0,,,,,,,,
Greenland,,,,,,0.0,0.0,0.0,0.0,0.0,,,,,,,,
Grenada,,,,,,0.0,27.0,30.0,43.0,0.0,,,,,,,,
Guadeloupe,,,,,,0.0,0.0,0.0,100.0,0.0,,,,,,,,
Guam,,,,,,0.0,0.0,36.0,64.0,0.0,,,,,,,,
Guatemala,,,,,,5.0,21.0,8.0,66.0,0.0,,,,,,,,
Guernsey,,,,,,0.0,0.0,0.0,100.0,0.0,,,,,,,,
Guinea,,,,,,0.0,0.0,0.0,100.0,0.0,,,,,,,,
Guinea-Bissau,,,,,,0.0,0.0,0.0,0.0,0.0,,,,,,,,
Guyana,,,,,,15.0,16.0,26.0,43.0,0.0,,,,,,,,
Haiti,,,,,,8.0,16.0,18.0,58.0,0.0,,,,,,,,
Heard & McDonald Islands,,,,,,0.0,0.0,0.0,0.0,0.0,,,,,,,,
Honduras,,,,,,9.0,21.0,16.0,54.0,0.0,,,,,,,,
Hong Kong,,,,,,15.0,24.0,14.0,46.0,1.0,,,,,,,,
Hungary,,,,,,6.0,28.0,12.0,53.0,1.0,,,,,,,,
Iceland,,,,,,10.0,26.0,20.0,44.0,0.0,,,,,,,,
India,,,,,,11.0,27.0,22.0,40.0,0.0,,,,,,,,
Indonesia,,,,,,3.0,12.0,4.0,81.0,0.0,,,,,,,,
Iran,,,,,,8.0,21.0,30.0,39.0,2.0,,,,,,,,
Iraq,,,,,,9.0,18.0,15.0,58.0,0.0,,,,,,,,
Ireland,,,,,,12.0,19.0,22.0,46.0,1.0,,,,,,,,
Isle of Man,,,,,,0.0,20.0,21.0,59.0,0.0,,,,,,,,
Israel,,,,,,7.0,22.0,16.0,54.0,1.0,,,,,,,,
Italy,,,,,,7.0,26.0,8.0,56.0,3.0,,,,,,,,
Jamaica,,,,,,17.0,15.0,21.0,47.0,0.0,,,,,,,,
Japan,,,,,,8.0,29.0,19.0,42.0,2.0,,,,,,,,
Jersey,,,,,,23.0,0.0,24.0,53.0,0.0,,,,,,,,
Jordan,,,,,,14.0,18.0,22.0,45.0,1.0,,,,,,,,
Kazakhstan,,,,,,9.0,24.0,13.0,54.0,0.0,,,,,,,,
Kenya,,,,,,13.0,12.0,25.0,49.0,1.0,,,,,,,,
Kiribati,,,,,,0.0,0.0,0.0,0.0,0.0,,,,,,,,
Kosovo,,,,,,11.0,15.0,13.0,61.0,0.0,,,,,,,,
Kuwait,,,,,,10.0,17.0,28.0,45.0,0.0,,,,,,,,
Kyrgyzstan,,,,,,9.0,19.0,14.0,58.0,0.0,,,,,,,,
Laos,,,,,,8.0,23.0,14.0,55.0,0.0,,,,,,,,
Latvia,,,,,,10.0,20.0,15.0,55.0,0.0,,,,,,,,
Lebanon,,,,,,16.0,16.0,24.0,44.0,0.0,,,,,,,,
Lesotho,,,,,,16.0,20.0,22.0,42.0,0.0,,,,,,,,
Liberia,,,,,,0.0,0.0,67.0,33.0,0.0,,,,,,,,
Libya,,,,,,11.0,17.0,16.0,56.0,0.0,,,,,,,,
Liechtenstein,,,,,,0.0,0.0,0.0,0.0,0.0,,,,,,,,
Lithuania,,,,,,7.0,23.0,13.0,56.0,1.0,,,,,,,,
Luxembourg,,,,,,9.0,20.0,24.0,47.0,0.0,,,,,,,,
Macao,,,,,,12.0,19.0,23.0,46.0,0.0,,,,,,,,
Madagascar,,,,,,0.0,8.0,7.0,85.0,0.0,,,,,,,,
Malawi,,,,,,21.0,11.0,33.0,35.0,0.0,,,,,,,,
Malaysia,,,,,,8.0,14.0,9.0,69.0,0.0,,,,,,,,
Maldives,,,,,,14.0,17.0,33.0,36.0,0.0,,,,,,,,
Mali,,,,,,0.0,21.0,0.0,79.0,0.0,,,,,,,,
Malta,,,,,,12.0,23.0,23.0,42.0,0.0,,,,,,,,
Marshall Islands,,,,,,0.0,0.0,0.0,0.0,0.0,,,,,,,,
Martinique,,,,,,0.0,0.0,0.0,100.0,0.0,,,,,,,,
Mauritania,,,,,,0.0,27.0,0.0,73.0,0.0,,,,,,,,
Mauritius,,,,,,17.0,19.0,15.0,49.0,0.0,,,,,,,,
Mayotte,,,,,,0.0,0.0,0.0,0.0,0.0,,,,,,,,
Mexico,,,,,,5.0,24.0,9.0,61.0,1.0,,,,,,,,
Micronesia,,,,,,0.0,0.0,0.0,0.0,0.0,,,,,,,,
Moldova,,,,,,5.0,14.0,11.0,70.0,0.0,,,,,,,,
Monaco,,,,,,0.0,0.0,0.0,0.0,0.0,,,,,,,,
Mongolia,,,,,,12.0,23.0,12.0,53.0,0.0,,,,,,,,
Montenegro,,,,,,5.0,12.0,13.0,70.0,0.0,,,,,,,,
Montserrat,,,,,,0.0,0.0,0.0,0.0,0.0,,,,,,,,
Morocco,,,,,,6.0,12.0,14.0,67.0,1.0,,,,,,,,
Mozambique,,,,,,0.0,10.0,10.0,80.0,0.0,,,,,,,,
Myanmar (Burma),,,,,,11.0,16.0,18.0,54.0,1.0,,,,,,,,
Namibia,,,,,,15.0,11.0,33.0,41.0,0.0,,,,,,,,
Nauru,,,,,,0.0,0.0,0.0,0.0,0.0,,,,,,,,
Nepal,,,,,,11.0,21.0,19.0,49.0,0.0,,,,,,,,
Netherlands,,,,,,7.0,31.0,14.0,47.0,1.0,,,,,,,,
New Caledonia,,,,,,0.0,0.0,0.0,100.0,0.0,,,,,,,,
New Zealand,,,,,,13.0,15.0,24.0,47.0,1.0,,,,,,,,
Nicaragua,,,,,,7.0,15.0,10.0,68.0,0.0,,,,,,,,
Niger,,,,,,0.0,0.0,0.0,100.0,0.0,,,,,,,,
Nigeria,,,,,,5.0,5.0,30.0,60.0,0.0,,,,,,,,
Niue,,,,,,0.0,0.0,0.0,0.0,0.0,,,,,,,,
Norfolk Island,,,,,,0.0,0.0,0.0,0.0,0.0,,,,,,,,
North Korea,,,,,,0.0,0.0,0.0,0.0,0.0,,,,,,,,
North Macedonia,,,,,,7.0,15.0,8.0,70.0,0.0,,,,,,,,
Northern Mariana Islands,,,,,,0.0,0.0,0.0,0.0,0.0,,,,,,,,
Norway,,,,,,8.0,23.0,16.0,52.0,1.0,,,,,,,,
Oman,,,,,,14.0,19.0,22.0,45.0,0.0,,,,,,,,
Pakistan,,,,,,9.0,16.0,12.0,63.0,0.0,,,,,,,,
Palau,,,,,,0.0,0.0,0.0,0.0,0.0,,,,,,,,
Palestine,,,,,,13.0,25.0,20.0,41.0,1.0,,,,,,,,
Panama,,,,,,6.0,22.0,9.0,63.0,0.0,,,,,,,,
Papua New Guinea,,,,,,8.0,7.0,48.0,37.0,0.0,,,,,,,,
Paraguay,,,,,,3.0,18.0,9.0,70.0,0.0,,,,,,,,
Peru,,,,,,5.0,24.0,7.0,63.0,1.0,,,,,,,,
Philippines,,,,,,18.0,16.0,21.0,45.0,0.0,,,,,,,,
Pitcairn Islands,,,,,,0.0,0.0,0.0,0.0,0.0,,,,,,,,
Poland,,,,,,3.0,21.0,7.0,69.0,0.0,,,,,,,,
Portugal,,,,,,7.0,18.0,11.0,62.0,2.0,,,,,,,,
Puerto Rico,,,,,,10.0,19.0,23.0,48.0,0.0,,,,,,,,
Qatar,,,,,,16.0,16.0,24.0,44.0,0.0,,,,,,,,
Romania,,,,,,6.0,17.0,7.0,70.0,0.0,,,,,,,,
Russia,,,,,,9.0,27.0,20.0,43.0,1.0,,,,,,,,
Rwanda,,,,,,17.0,12.0,33.0,38.0,0.0,,,,,,,,
Réunion,,,,,,0.0,0.0,0.0,100.0,0.0,,,,,,,,
Samoa,,,,,,0.0,0.0,0.0,0.0,0.0,,,,,,,,
San Marino,,,,,,0.0,0.0,0.0,100.0,0.0,,,,,,,,
Saudi Arabia,,,,,,13.0,16.0,24.0,46.0,1.0,,,,,,,,
Senegal,,,,,,6.0,12.0,8.0,74.0,0.0,,,,,,,,
Serbia,,,,,,4.0,11.0,10.0,75.0,0.0,,,,,,,,
Seychelles,,,,,,0.0,0.0,100.0,0.0,0.0,,,,,,,,
Sierra Leone,,,,,,0.0,0.0,45.0,55.0,0.0,,,,,,,,
Singapore,,,,,,11.0,21.0,20.0,47.0,1.0,,,,,,,,
Sint Maarten,,,,,,0.0,0.0,0.0,100.0,0.0,,,,,,,,
Slovakia,,,,,,4.0,22.0,7.0,67.0,0.0,,,,,,,,
Slovenia,,,,,,7.0,19.0,13.0,61.0,0.0,,,,,,,,
Solomon Islands,,,,,,0.0,0.0,0.0,0.0,0.0,,,,,,,,
Somalia,,,,,,16.0,6.0,30.0,48.0,0.0,,,,,,,,
South Africa,,,,,,19.0,14.0,19.0,47.0,1.0,,,,,,,,
South Georgia & South Sandwich Islands,,,,,,0.0,0.0,0.0,0.0,0.0,,,,,,,,
South Korea,,,,,,10.0,31.0,18.0,40.0,1.0,,,,,,,,
South Sudan,,,,,,23.0,0.0,52.0,25.0,0.0,,,,,,,,
Spain,,,,,,5.0,21.0,9.0,64.0,1.0,,,,,,,,
Sri Lanka,,,,,,14.0,20.0,19.0,47.0,0.0,,,,,,,,
St. Barthélemy,,,,,,0.0,0.0,0.0,100.0,0.0,,,,,,,,
St. Helena,,,,,,11.0,21.0,24.0,43.0,1.0,,,,,,,,
St. Kitts & Nevis,,,,,,0.0,0.0,0.0,100.0,0.0,,,,,,,,
St. Lucia,,,,,,24.0,0.0,21.0,55.0,0.0,,,,,,,,
St. Martin,,,,,,0.0,0.0,0.0,0.0,0.0,,,,,,,,
St. Pierre & Miquelon,,,,,,0.0,0.0,0.0,0.0,0.0,,,,,,,,
St. Vincent & Grenadines,,,,,,0.0,0.0,36.0,64.0,0.0,,,,,,,,
Sudan,,,,,,13.0,11.0,14.0,62.0,0.0,,,,,,,,
Suriname,,,,,,0.0,16.0,13.0,71.0,0.0,,,,,,,,
Svalbard & Jan Mayen,,,,,,0.0,0.0,0.0,0.0,0.0,,,,,,,,
Sweden,,,,,,7.0,38.0,14.0,40.0,1.0,,,,,,,,
Switzerland,,,,,,7.0,28.0,20.0,44.0,1.0,,,,,,,,
Syria,,,,,,11.0,17.0,18.0,54.0,0.0,,,,,,,,
São Tomé & Príncipe,,,,,,0.0,0.0,0.0,0.0,0.0,,,,,,,,
Taiwan,,,,,,9.0,27.0,16.0,47.0,1.0,,,,,,,,
Tajikistan,,,,,,0.0,34.0,0.0,66.0,0.0,,,,,,,,
Tanzania,,,,,,10.0,12.0,28.0,50.0,0.0,,,,,,,,
Thailand,,,,,,8.0,34.0,12.0,44.0,2.0,,,,,,,,
Timor-Leste,,,,,,0.0,0.0,0.0,0.0,0.0,,,,,,,,
Togo,,,,,,0.0,10.0,8.0,82.0,0.0,,,,,,,,
Tokelau,,,,,,0.0,0.0,0.0,0.0,0.0,,,,,,,,
Tonga,,,,,,0.0,0.0,0.0,0.0,0.0,,,,,,,,
Trinidad & Tobago,,,,,,18.0,17.0,23.0,42.0,0.0,,,,,,,,
Tunisia,,,,,,8.0,17.0,20.0,54.0,1.0,,,,,,,,
Turkmenistan,,,,,,0.0,0.0,0.0,0.0,0.0,,,,,,,,
Turks & Caicos Islands,,,,,,0.0,0.0,0.0,100.0,0.0,,,,,,,,
Tuvalu,,,,,,0.0,0.0,0.0,0.0,0.0,,,,,,,,
Türkiye,,,,,,6.0,46.0,12.0,35.0,1.0,,,,,,,,
U.S. Outlying Islands,,,,,,0.0,0.0,0.0,0.0,0.0,,,,,,,,
U.S. Virgin Islands,,,,,,0.0,0.0,0.0,100.0,0.0,,,,,,,,
Uganda,,,,,,16.0,11.0,36.0,37.0,0.0,,,,,,,,
Ukraine,,,,,,8.0,26.0,15.0,50.0,1.0,,,,,,,,
United Arab Emirates,,,,,,15.0,27.0,23.0,34.0,1.0,,,,,,,,
United Kingdom,,,,,,10.0,20.0,18.0,51.0,1.0,,,,,,,,
United States,,,,,,15.0,22.0,22.0,40.0,1.0,,,,,,,,
Uruguay,,,,,,4.0,14.0,8.0,74.0,0.0,,,,,,,,
Uzbekistan,,,,,,9.0,17.0,12.0,62.0,0.0,,,,,,,,
Vanuatu,,,,,,0.0,0.0,0.0,0.0,0.0,,,,,,,,
Vatican City,,,,,,0.0,0.0,0.0,0.0,0.0,,,,,,,,
Venezuela,,,,,,4.0,15.0,7.0,74.0,0.0,,,,,,,,
Vietnam,,,,,,6.0,24.0,10.0,59.0,1.0,,,,,,,,
Wallis & Futuna,,,,,,0.0,0.0,0.0,0.0,0.0,,,,,,,,
Western Sahara,,,,,,0.0,0.0,0.0,100.0,0.0,,,,,,,,
Yemen,,,,,,8.0,14.0,15.0,63.0,0.0,,,,,,,,
Zambia,,,,,,14.0,9.0,37.0,40.0,0.0,,,,,,,,
Zimbabwe,,,,,,18.0,15.0,30.0,35.0,2.0,,,,,,,,
Åland Islands,,,,,,0.0,0.0,0.0,0.0,0.0,,,,,,,,
Afghanistan,,,,,,,,,,,4.0,51.0,38.0,2.0,5.0,,,
Albania,,,,,,,,,,,2.0,64.0,30.0,0.0,4.0,,,
Algeria,,,,,,,,,,,1.0,37.0,60.0,0.0,2.0,,,
American Samoa,,,,,,,,,,,0.0,0.0,0.0,0.0,0.0,,,
Andorra,,,,,,,,,,,2.0,71.0,25.0,0.0,2.0,,,
Angola,,,,,,,,,,,0.0,61.0,33.0,1.0,5.0,,,
Anguilla,,,,,,,,,,,0.0,0.0,0.0,0.0,0.0,,,
Antarctica,,,,,,,,,,,0.0,0.0,0.0,0.0,0.0,,,
Antigua & Barbuda,,,,,,,,,,,8.0,66.0,26.0,0.0,0.0,,,
Argentina,,,,,,,,,,,2.0,76.0,20.0,0.0,2.0,,,
Armenia,,,,,,,,,,,2.0,61.0,33.0,1.0,3.0,,,
Aruba,,,,,,,,,,,0.0,64.0,36.0,0.0,0.0,,,
Australia,,,,,,,,,,,3.0,64.0,30.0,0.0,3.0,,,
Austria,,,,,,,,,,,2.0,81.0,15.0,0.0,2.0,,,
Azerbaijan,,,,,,,,,,,1.0,67.0,29.0,0.0,3.0,,,
Bahamas,,,,,,,,,,,6.0,54.0,35.0,0.0,5.0,,,
Bahrain,,,,,,,,,,,3.0,61.0,31.0,0.0,5.0,,,
Bangladesh,,,,,,,,,,,1.0,51.0,44.0,1.0,3.0,,,
Barbados,,,,,,,,,,,8.0,55.0,31.0,0.0,6.0,,,
Belarus,,,,,,,,,,,3.0,74.0,21.0,0.0,2.0,,,
Belgium,,,,,,,,,,,3.0,77.0,18.0,0.0,2.0,,,
Belize,,,,,,,,,,,5.0,50.0,35.0,0.0,10.0,,,
Benin,,,,,,,,,,,1.0,59.0,39.0,0.0,1.0,,,
Bermuda,,,,,,,,,,,0.0,67.0,33.0,0.0,0.0,,,
Bhutan,,,,,,,,,,,0.0,57.0,35.0,0.0,8.0,,,
Bolivia,,,,,,,,,,,1.0,43.0,49.0,1.0,6.0,,,
Bosnia & Herzegovina,,,,,,,,,,,1.0,66.0,31.0,0.0,2.0,,,
Botswana,,,,,,,,,,,4.0,48.0,39.0,2.0,7.0,,,
Bouvet Island,,,,,,,,,,,0.0,0.0,0.0,0.0,0.0,,,
Brazil,,,,,,,,,,,0.0,78.0,21.0,0.0,1.0,,,
British Indian Ocean Territory,,,,,,,,,,,0.0,0.0,0.0,0.0,0.0,,,
British Virgin Islands,,,,,,,,,,,0.0,69.0,31.0,0.0,0.0,,,
Brunei,,,,,,,,,,,0.0,40.0,50.0,0.0,10.0,,,
Bulgaria,,,,,,,,,,,1.0,71.0,26.0,0.0,2.0,,,
Burkina Faso,,,,,,,,,,,1.0,51.0,45.0,0.0,3.0,,,
Burundi,,,,,,,,,,,0.0,75.0,25.0,0.0,0.0,,,
Cambodia,,,,,,,,,,,0.0,31.0,68.0,0.0,1.0,,,
Cameroon,,,,,,,,,,,1.0,51.0,45.0,0.0,3.0,,,
Canada,,,,,,,,,,,2.0,67.0,27.0,0.0,4.0,,,
Cape Verde,,,,,,,,,,,9.0,63.0,18.0,0.0,10.0,,,
Caribbean Netherlands,,,,,,,,,,,0.0,56.0,44.0,0.0,0.0,,,
Cayman Islands,,,,,,,,,,,0.0,74.0,26.0,0.0,0.0,,,
Central African Republic,,,,,,,,,,,0.0,0.0,0.0,0.0,0.0,,,
Chad,,,,,,,,,,,0.0,66.0,34.0,0.0,0.0,,,
Chile,,,,,,,,,,,1.0,80.0,18.0,0.0,1.0,,,
China,,,,,,,,,,,1.0,82.0,15.0,0.0,2.0,,,
Christmas Island,,,,,,,,,,,0.0,0.0,0.0,0.0,0.0,,,
Cocos (Keeling) Islands,,,,,,,,,,,0.0,0.0,0.0,0.0,0.0,,,
Colombia,,,,,,,,,,,1.0,69.0,28.0,0.0,2.0,,,
Comoros,,,,,,,,,,,0.0,100.0,0.0,0.0,0.0,,,
Congo - Brazzaville,,,,,,,,,,,0.0,63.0,30.0,0.0,7.0,,,
Congo - Kinshasa,,,,,,,,,,,1.0,67.0,26.0,0.0,6.0,,,
Cook Islands,,,,,,,,,,,0.0,0.0,0.0,0.0,0.0,,,
Costa Rica,,,,,,,,,,,1.0,72.0,23.0,0.0,4.0,,,
Croatia,,,,,,,,,,,1.0,79.0,19.0,0.0,1.0,,,
Cuba,,,,,,,,,,,5.0,65.0,19.0,0.0,11.0,,,
Curaçao,,,,,,,,,,,0.0,62.0,34.0,0.0,4.0,,,
Cyprus,,,,,,,,,,,1.0,73.0,25.0,0.0,1.0,,,
Czechia,,,,,,,,,,,1.0,83.0,15.0,0.0,1.0,,,
Côte d’Ivoire,,,,,,,,,,,2.0,52.0,42.0,0.0,4.0,,,
Denmark,,,,,,,,,,,3.0,72.0,24.0,0.0,1.0,,,
Djibouti,,,,,,,,,,,0.0,74.0,26.0,0.0,0.0,,,
Dominica,,,,,,,,,,,0.0,62.0,38.0,0.0,0.0,,,
Dominican Republic,,,,,,,,,,,2.0,69.0,24.0,0.0,5.0,,,
Ecuador,,,,,,,,,,,1.0,62.0,32.0,0.0,5.0,,,
Egypt,,,,,,,,,,,3.0,55.0,39.0,0.0,3.0,,,
El Salvador,,,,,,,,,,,1.0,63.0,30.0,0.0,6.0,,,
Equatorial Guinea,,,,,,,,,,,0.0,55.0,45.0,0.0,0.0,,,
Eritrea,,,,,,,,,,,0.0,0.0,0.0,0.0,0.0,,,
Estonia,,,,,,,,,,,1.0,77.0,21.0,0.0,1.0,,,
Eswatini,,,,,,,,,,,0.0,55.0,37.0,8.0,0.0,,,
Ethiopia,,,,,,,,,,,4.0,55.0,27.0,2.0,12.0,,,
Falkland Islands (Islas Malvinas),,,,,,,,,,,0.0,0.0,0.0,0.0,0.0,,,
Faroe Islands,,,,,,,,,,,0.0,54.0,46.0,0.0,0.0,,,
Fiji,,,,,,,,,,,0.0,57.0,36.0,0.0,7.0,,,
Finland,,,,,,,,,,,3.0,82.0,13.0,0.0,2.0,,,
France,,,,,,,,,,,3.0,79.0,16.0,0.0,2.0,,,
French Guiana,,,,,,,,,,,0.0,86.0,14.0,0.0,0.0,,,
French Polynesia,,,,,,,,,,,0.0,80.0,20.0,0.0,0.0,,,
French Southern Territories,,,,,,,,,,,0.0,0.0,0.0,0.0,0.0,,,
Gabon,,,,,,,,,,,3.0,55.0,37.0,0.0,5.0,,,
Gambia,,,,,,,,,,,0.0,54.0,31.0,0.0,15.0,,,
Georgia,,,,,,,,,,,1.0,59.0,37.0,1.0,2.0,,,
Germany,,,,,,,,,,,3.0,81.0,14.0,0.0,2.0,,,
Ghana,,,,,,,,,,,2.0,58.0,33.0,1.0,6.0,,,
Gibraltar,,,,,,,,,,,0.0,62.0,32.0,0.0,6.0,,,
Greece,,,,,,,,,,,1.0,80.0,18.0,0.0,1.0,,,
Greenland,,,,,,,,,,,0.0,100.0,0.0,0.0,0.0,,,
Grenada,,,,,,,,,,,0.0,57.0,43.0,0.0,0.0,,,
Guadeloupe,,,,,,,,,,,0.0,86.0,14.0,0.0,0.0,,,
Guam,,,,,,,,,,,7.0,60.0,33.0,0.0,0.0,,,
Guatemala,,,,,,,,,,,1.0,65.0,28.0,0.0,6.0,,,
Guernsey,,,,,,,,,,,0.0,70.0,30.0,0.0,0.0,,,
Guinea,,,,,,,,,,,0.0,64.0,36.0,0.0,0.0,,,
Guinea-Bissau,,,,,,,,,,,0.0,61.0,39.0,0.0,0.0,,,
Guyana,,,,,,,,,,,5.0,50.0,40.0,0.0,5.0,,,
Haiti,,,,,,,,,,,2.0,60.0,30.0,0.0,8.0,,,
Heard & McDonald Islands,,,,,,,,,,,0.0,0.0,0.0,0.0,0.0,,,
Honduras,,,,,,,,,,,2.0,64.0,28.0,0.0,6.0,,,
Hong Kong,,,,,,,,,,,3.0,73.0,20.0,0.0,4.0,,,
Hungary,,,,,,,,,,,1.0,80.0,18.0,0.0,1.0,,,
Iceland,,,,,,,,,,,1.0,62.0,35.0,0.0,2.0,,,
India,,,,,,,,,,,2.0,68.0,26.0,0.0,4.0,,,
Indonesia,,,,,,,,,,,1.0,64.0,30.0,0.0,5.0,,,
Iran,,,,,,,,,,,6.0,78.0,11.0,0.0,5.0,,,
Iraq,,,,,,,,,,,6.0,49.0,38.0,0.0,7.0,,,
Ireland,,,,,,,,,,,2.0,71.0,24.0,0.0,3.0,,,
Isle of Man,,,,,,,,,,,0.0,59.0,41.0,0.0,0.0,,,
Israel,,,,,,,,,,,2.0,72.0,25.0,0.0,1.0,,,
Italy,,,,,,,,,,,3.0,78.0,16.0,0.0,3.0,,,
Jamaica,,,,,,,,,,,4.0,65.0,25.0,1.0,5.0,,,
Japan,,,,,,,,,,,3.0,85.0,9.0,0.0,3.0,,,
Jersey,,,,,,,,,,,0.0,68.0,32.0,0.0,0.0,,,
Jordan,,,,,,,,,,,2.0,61.0,35.0,0.0,2.0,,,
Kazakhstan,,,,,,,,,,,2.0,60.0,36.0,0.0,2.0,,,
Kenya,,,,,,,,,,,2.0,65.0,27.0,1.0,5.0,,,
Kiribati,,,,,,,,,,,0.0,0.0,0.0,0.0,0.0,,,
Kosovo,,,,,,,,,,,2.0,43.0,51.0,0.0,4.0,,,
Kuwait,,,,,,,,,,,2.0,62.0,33.0,0.0,3.0,,,
Kyrgyzstan,,,,,,,,,,,2.0,48.0,47.0,1.0,2.0,,,
Laos,,,,,,,,,,,5.0,60.0,29.0,1.0,5.0,,,
Latvia,,,,,,,,,,,1.0,68.0,29.0,0.0,2.0,,,
Lebanon,,,,,,,,,,,2.0,57.0,37.0,0.0,4.0,,,
Lesotho,,,,,,,,,,,0.0,44.0,47.0,0.0,9.0,,,
Liberia,,,,,,,,,,,0.0,29.0,60.0,0.0,11.0,,,
Libya,,,,,,,,,,,4.0,39.0,48.0,2.0,7.0,,,
Liechtenstein,,,,,,,,,,,0.0,90.0,10.0,0.0,0.0,,,
Lithuania,,,,,,,,,,,1.0,68.0,30.0,0.0,1.0,,,
Luxembourg,,,,,,,,,,,3.0,74.0,20.0,0.0,3.0,,,
Macao,,,,,,,,,,,5.0,57.0,29.0,0.0,9.0,,,
Madagascar,,,,,,,,,,,3.0,56.0,32.0,3.0,6.0,,,
Malawi,,,,,,,,,,,0.0,53.0,37.0,0.0,10.0,,,
Malaysia,,,,,,,,,,,2.0,48.0,46.0,0.0,4.0,,,
Maldives,,,,,,,,,,,0.0,58.0,37.0,0.0,5.0,,,
Mali,,,,,,,,,,,0.0,65.0,31.0,0.0,4.0,,,
Malta,,,,,,,,,,,1.0,69.0,28.0,0.0,2.0,,,
Marshall Islands,,,,,,,,,,,0.0,0.0,0.0,0.0,0.0,,,
Martinique,,,,,,,,,,,0.0,84.0,16.0,0.0,0.0,,,
Mauritania,,,,,,,,,,,0.0,51.0,43.0,0.0,6.0,,,
Mauritius,,,,,,,,,,,3.0,59.0,33.0,0.0,5.0,,,
Mayotte,,,,,,,,,,,0.0,100.0,0.0,0.0,0.0,,,
Mexico,,,,,,,,,,,1.0,75.0,22.0,0.0,2.0,,,
Micronesia,,,,,,,,,,,0.0,0.0,0.0,0.0,0.0,,,
Moldova,,,,,,,,,,,2.0,66.0,30.0,0.0,2.0,,,
Monaco,,,,,,,,,,,0.0,0.0,0.0,0.0,0.0,,,
Mongolia,,,,,,,,,,,5.0,36.0,47.0,5.0,7.0,,,
Montenegro,,,,,,,,,,,1.0,71.0,26.0,0.0,2.0,,,
Montserrat,,,,,,,,,,,0.0,0.0,0.0,0.0,0.0,,,
Morocco,,,,,,,,,,,0.0,53.0,46.0,0.0,1.0,,,
Mozambique,,,,,,,,,,,0.0,59.0,38.0,0.0,3.0,,,
Myanmar (Burma),,,,,,,,,,,2.0,34.0,61.0,0.0,3.0,,,
Namibia,,,,,,,,,,,2.0,55.0,34.0,2.0,7.0,,,
Nauru,,,,,,,,,,,0.0,0.0,0.0,0.0,0.0,,,
Nepal,,,,,,,,,,,2.0,55.0,34.0,2.0,7.0,,,
Netherlands,,,,,,,,,,,3.0,77.0,18.0,0.0,2.0,,,
New Caledonia,,,,,,,,,,,0.0,82.0,18.0,0.0,0.0,,,
New Zealand,,,,,,,,,,,5.0,67.0,26.0,0.0,2.0,,,
Nicaragua,,,,,,,,,,,1.0,69.0,26.0,0.0,4.0,,,
Niger,,,,,,,,,,,0.0,61.0,39.0,0.0,0.0,,,
Nigeria,,,,,,,,,,,1.0,35.0,59.0,0.0,5.0,,,
Niue,,,,,,,,,,,0.0,0.0,0.0,0.0,0.0,,,
Norfolk Island,,,,,,,,,,,0.0,0.0,0.0,100.0,0.0,,,
North Korea,,,,,,,,,,,0.0,0.0,0.0,0.0,0.0,,,
North Macedonia,,,,,,,,,,,3.0,57.0,37.0,0.0,3.0,,,
Northern Mariana Islands,,,,,,,,,,,0.0,57.0,43.0,0.0,0.0,,,
Norway,,,,,,,,,,,3.0,73.0,23.0,0.0,1.0,,,
Oman,,,,,,,,,,,3.0,62.0,30.0,0.0,5.0,,,
Pakistan,,,,,,,,,,,1.0,59.0,38.0,0.0,2.0,,,
Palau,,,,,,,,,,,0.0,0.0,0.0,0.0,0.0,,,
Palestine,,,,,,,,,,,8.0,52.0,33.0,1.0,6.0,,,
Panama,,,,,,,,,,,2.0,68.0,26.0,0.0,4.0,,,
Papua New Guinea,,,,,,,,,,,3.0,44.0,39.0,0.0,14.0,,,
Paraguay,,,,,,,,,,,1.0,63.0,32.0,0.0,4.0,,,
Peru,,,,,,,,,,,1.0,61.0,34.0,0.0,4.0,,,
Philippines,,,,,,,,,,,2.0,42.0,50.0,1.0,5.0,,,
Pitcairn Islands,,,,,,,,,,,0.0,0.0,0.0,0.0,0.0,,,
Poland,,,,,,,,,,,2.0,84.0,13.0,0.0,1.0,,,
Portugal,,,,,,,,,,,1.0,74.0,24.0,0.0,1.0,,,
Puerto Rico,,,,,,,,,,,2.0,65.0,29.0,0.0,4.0,,,
Qatar,,,,,,,,,,,1.0,57.0,37.0,1.0,4.0,,,
Romania,,,,,,,,,,,1.0,74.0,24.0,0.0,1.0,,,
Russia,,,,,,,,,,,12.0,59.0,20.0,0.0,9.0,,,
Rwanda,,,,,,,,,,,2.0,64.0,22.0,2.0,10.0,,,
Réunion,,,,,,,,,,,2.0,80.0,16.0,0.0,2.0,,,
Samoa,,,,,,,,,,,0.0,100.0,0.0,0.0,0.0,,,
San Marino,,,,,,,,,,,5.0,72.0,23.0,0.0,0.0,,,
Saudi Arabia,,,,,,,,,,,2.0,76.0,19.0,0.0,3.0,,,
Senegal,,,,,,,,,,,3.0,68.0,26.0,0.0,3.0,,,
Serbia,,,,,,,,,,,2.0,73.0,22.0,0.0,3.0,,,
Seychelles,,,,,,,,,,,0.0,75.0,25.0,0.0,0.0,,,
Sierra Leone,,,,,,,,,,,0.0,47.0,43.0,0.0,10.0,,,
Singapore,,,,,,,,,,,4.0,58.0,33.0,0.0,5.0,,,
Sint Maarten,,,,,,,,,,,0.0,73.0,27.0,0.0,0.0,,,
Slovakia,,,,,,,,,,,1.0,81.0,17.0,0.0,1.0,,,
Slovenia,,,,,,,,,,,1.0,71.0,26.0,0.0,2.0,,,
Solomon Islands,,,,,,,,,,,0.0,0.0,100.0,0.0,0.0,,,
Somalia,,,,,,,,,,,1.0,61.0,34.0,0.0,4.0,,,
South Africa,,,,,,,,,,,2.0,67.0,27.0,0.0,4.0,,,
South Georgia & South Sandwich Islands,,,,,,,,,,,0.0,0.0,0.0,0.0,0.0,,,
South Korea,,,,,,,,,,,16.0,58.0,16.0,0.0,10.0,,,
South Sudan,,,,,,,,,,,0.0,46.0,54.0,0.0,0.0,,,
Spain,,,,,,,,,,,1.0,78.0,19.0,0.0,2.0,,,
Sri Lanka,,,,,,,,,,,1.0,54.0,41.0,0.0,4.0,,,
St. Barthélemy,,,,,,,,,,,0.0,82.0,18.0,0.0,0.0,,,
St. Helena,,,,,,,,,,,10.0,64.0,17.0,1.0,8.0,,,
St. Kitts & Nevis,,,,,,,,,,,13.0,46.0,28.0,0.0,13.0,,,
St. Lucia,,,,,,,,,,,0.0,58.0,32.0,0.0,10.0,,,
St. Martin,,,,,,,,,,,0.0,100.0,0.0,0.0,0.0,,,
St. Pierre & Miquelon,,,,,,,,,,,0.0,0.0,0.0,0.0,0.0,,,
St. Vincent & Grenadines,,,,,,,,,,,0.0,68.0,32.0,0.0,0.0,,,
Sudan,,,,,,,,,,,7.0,58.0,26.0,0.0,9.0,,,
Suriname,,,,,,,,,,,0.0,61.0,35.0,0.0,4.0,,,
Svalbard & Jan Mayen,,,,,,,,,,,0.0,0.0,0.0,0.0,0.0,,,
Sweden,,,,,,,,,,,5.0,71.0,23.0,0.0,1.0,,,
Switzerland,,,,,,,,,,,3.0,81.0,14.0,0.0,2.0,,,
Syria,,,,,,,,,,,5.0,64.0,24.0,0.0,7.0,,,
São Tomé & Príncipe,,,,,,,,,,,0.0,100.0,0.0,0.0,0.0,,,
Taiwan,,,,,,,,,,,5.0,81.0,10.0,0.0,4.0,,,
Tajikistan,,,,,,,,,,,0.0,58.0,42.0,0.0,0.0,,,
Tanzania,,,,,,,,,,,2.0,52.0,40.0,0.0,6.0,,,
Thailand,,,,,,,,,,,2.0,58.0,38.0,0.0,2.0,,,
Timor-Leste,,,,,,,,,,,0.0,66.0,34.0,0.0,0.0,,,
Togo,,,,,,,,,,,2.0,49.0,46.0,0.0,3.0,,,
Tokelau,,,,,,,,,,,0.0,0.0,0.0,0.0,0.0,,,
Tonga,,,,,,,,,,,0.0,100.0,0.0,0.0,0.0,,,
Trinidad & Tobago,,,,,,,,,,,4.0,51.0,38.0,0.0,7.0,,,
Tunisia,,,,,,,,,,,3.0,52.0,40.0,1.0,4.0,,,
Turkmenistan,,,,,,,,,,,0.0,85.0,15.0,0.0,0.0,,,
Turks & Caicos Islands,,,,,,,,,,,0.0,69.0,31.0,0.0,0.0,,,
Tuvalu,,,,,,,,,,,0.0,0.0,0.0,0.0,0.0,,,
Türkiye,,,,,,,,,,,0.0,88.0,11.0,0.0,1.0,,,
U.S. Outlying Islands,,,,,,,,,,,0.0,0.0,0.0,0.0,0.0,,,
U.S. Virgin Islands,,,,,,,,,,,0.0,64.0,36.0,0.0,0.0,,,
Uganda,,,,,,,,,,,2.0,64.0,27.0,0.0,7.0,,,
Ukraine,,,,,,,,,,,2.0,74.0,23.0,0.0,1.0,,,
United Arab Emirates,,,,,,,,,,,1.0,69.0,27.0,0.0,3.0,,,
United Kingdom,,,,,,,,,,,3.0,65.0,29.0,0.0,3.0,,,
United States,,,,,,,,,,,6.0,60.0,27.0,0.0,7.0,,,
Uruguay,,,,,,,,,,,1.0,78.0,19.0,0.0,2.0,,,
Uzbekistan,,,,,,,,,,,1.0,51.0,42.0,1.0,5.0,,,
Vanuatu,,,,,,,,,,,0.0,58.0,0.0,0.0,42.0,,,
Vatican City,,,,,,,,,,,0.0,0.0,0.0,0.0,0.0,,,
Venezuela,,,,,,,,,,,2.0,59.0,33.0,0.0,6.0,,,
Vietnam,,,,,,,,,,,3.0,63.0,29.0,0.0,5.0,,,
Wallis & Futuna,,,,,,,,,,,0.0,0.0,0.0,0.0,0.0,,,
Western Sahara,,,,,,,,,,,0.0,56.0,44.0,0.0,0.0,,,
Yemen,,,,,,,,,,,4.0,67.0,24.0,0.0,5.0,,,
Zambia,,,,,,,,,,,2.0,48.0,42.0,1.0,7.0,,,
Zimbabwe,,,,,,,,,,,2.0,49.0,39.0,1.0,9.0,,,
Åland Islands,,,,,,,,,,,0.0,60.0,40.0,0.0,0.0,,,
Afghanistan,,,,,,,,,,,,,,,,36.0,10.0,54.0
Albania,,,,,,,,,,,,,,,,60.0,0.0,40.0
Algeria,,,,,,,,,,,,,,,,47.0,17.0,36.0
American Samoa,,,,,,,,,,,,,,,,0.0,0.0,100.0
Andorra,,,,,,,,,,,,,,,,100.0,0.0,0.0
Angola,,,,,,,,,,,,,,,,44.0,35.0,21.0
Anguilla,,,,,,,,,,,,,,,,0.0,0.0,0.0
Antarctica,,,,,,,,,,,,,,,,0.0,0.0,0.0
Antigua & Barbuda,,,,,,,,,,,,,,,,29.0,0.0,71.0
Argentina,,,,,,,,,,,,,,,,47.0,27.0,26.0
Armenia,,,,,,,,,,,,,,,,50.0,11.0,39.0
Aruba,,,,,,,,,,,,,,,,100.0,0.0,0.0
Australia,,,,,,,,,,,,,,,,38.0,12.0,50.0
Austria,,,,,,,,,,,,,,,,29.0,23.0,48.0
Azerbaijan,,,,,,,,,,,,,,,,26.0,7.0,67.0
Bahamas,,,,,,,,,,,,,,,,38.0,0.0,62.0
Bahrain,,,,,,,,,,,,,,,,23.0,9.0,68.0
Bangladesh,,,,,,,,,,,,,,,,58.0,4.0,38.0
Barbados,,,,,,,,,,,,,,,,49.0,7.0,44.0
Belarus,,,,,,,,,,,,,,,,68.0,9.0,23.0
Belgium,,,,,,,,,,,,,,,,36.0,16.0,48.0
Belize,,,,,,,,,,,,,,,,16.0,0.0,84.0
Benin,,,,,,,,,,,,,,,,43.0,34.0,23.0
Bermuda,,,,,,,,,,,,,,,,50.0,0.0,50.0
Bhutan,,,,,,,,,,,,,,,,14.0,0.0,86.0
Bolivia,,,,,,,,,,,,,,,,29.0,52.0,19.0
Bosnia & Herzegovina,,,,,,,,,,,,,,,,50.0,12.0,38.0
Botswana,,,,,,,,,,,,,,,,9.0,4.0,87.0
Bouvet Island,,,,,,,,,,,,,,,,0.0,0.0,0.0
Brazil,,,,,,,,,,,,,,,,28.0,47.0,25.0
British Indian Ocean Territory,,,,,,,,,,,,,,,,0.0,0.0,0.0
British Virgin Islands,,,,,,,,,,,,,,,,0.0,0.0,100.0
Brunei,,,,,,,,,,,,,,,,16.0,0.0,84.0
Bulgaria,,,,,,,,,,,,,,,,51.0,12.0,37.0
Burkina Faso,,,,,,,,,,,,,,,,45.0,25.0,30.0
Burundi,,,,,,,,,,,,,,,,0.0,0.0,100.0
Cambodia,,,,,,,,,,,,,,,,27.0,9.0,64.0
Cameroon,,,,,,,,,,,,,,,,13.0,14.0,73.0
Canada,,,,,,,,,,,,,,,,30.0,11.0,59.0
Cape Verde,,,,,,,,,,,,,,,,76.0,24.0,0.0
Caribbean Netherlands,,,,,,,,,,,,,,,,0.0,0.0,0.0
Cayman Islands,,,,,,,,,,,,,,,,30.0,0.0,70.0
Central African Republic,,,,,,,,,,,,,,,,0.0,0.0,0.0
Chad,,,,,,,,,,,,,,,,0.0,0.0,0.0
Chile,,,,,,,,,,,,,,,,26.0,41.0,33.0
China,,,,,,,,,,,,,,,,21.0,6.0,73.0
Christmas Island,,,,,,,,,,,,,,,,0.0,0.0,0.0
Cocos (Keeling) Islands,,,,,,,,,,,,,,,,0.0,0.0,0.0
Colombia,,,,,,,,,,,,,,,,34.0,42.0,24.0
Comoros,,,,,,,,,,,,,,,,0.0,0.0,0.0
Congo - Brazzaville,,,,,,,,,,,,,,,,100.0,0.0,0.0
Congo - Kinshasa,,,,,,,,,,,,,,,,24.0,33.0,43.0
Cook Islands,,,,,,,,,,,,,,,,0.0,0.0,0.0
Costa Rica,,,,,,,,,,,,,,,,37.0,31.0,32.0
Croatia,,,,,,,,,,,,,,,,38.0,17.0,45.0
Cuba,,,,,,,,,,,,,,,,79.0,0.0,21.0
Curaçao,,,,,,,,,,,,,,,,64.0,0.0,36.0
Cyprus,,,,,,,,,,,,,,,,39.0,12.0,49.0
Czechia,,,,,,,,,,,,,,,,30.0,20.0,50.0
Côte d’Ivoire,,,,,,,,,,,,,,,,30.0,35.0,35.0
Denmark,,,,,,,,,,,,,,,,33.0,19.0,48.0
Djibouti,,,,,,,,,,,,,,,,0.0,0.0,0.0
Dominica,,,,,,,,,,,,,,,,21.0,0.0,79.0
Dominican Republic,,,,,,,,,,,,,,,,51.0,26.0,23.0
Ecuador,,,,,,,,,,,,,,,,34.0,43.0,23.0
Egypt,,,,,,,,,,,,,,,,47.0,14.0,39.0
El Salvador,,,,,,,,,,,,,,,,40.0,38.0,22.0
Equatorial Guinea,,,,,,,,,,,,,,,,0.0,0.0,0.0
Eritrea,,,,,,,,,,,,,,,,0.0,0.0,0.0
Estonia,,,,,,,,,,,,,,,,36.0,13.0,51.0
Eswatini,,,,,,,,,,,,,,,,24.0,0.0,76.0
Ethiopia,,,,,,,,,,,,,,,,12.0,3.0,85.0
Falkland Islands (Islas Malvinas),,,,,,,,,,,,,,,,0.0,0.0,0.0
Faroe Islands,,,,,,,,,,,,,,,,0.0,0.0,0.0
Fiji,,,,,,,,,,,,,,,,13.0,0.0,87.0
Finland,,,,,,,,,,,,,,,,34.0,15.0,51.0
France,,,,,,,,,,,,,,,,27.0,34.0,39.0
French Guiana,,,,,,,,,,,,,,,,0.0,0.0,0.0
French Polynesia,,,,,,,,,,,,,,,,0.0,0.0,0.0
French Southern Territories,,,,,,,,,,,,,,,,0.0,0.0,0.0
Gabon,,,,,,,,,,,,,,,,60.0,40.0,0.0
Gambia,,,,,,,,,,,,,,,,17.0,0.0,83.0
Georgia,,,,,,,,,,,,,,,,51.0,10.0,39.0
Germany,,,,,,,,,,,,,,,,33.0,20.0,47.0
Ghana,,,,,,,,,,,,,,,,16.0,6.0,78.0
Gibraltar,,,,,,,,,,,,,,,,0.0,0.0,100.0
Greece,,,,,,,,,,,,,,,,35.0,15.0,50.0
Greenland,,,,,,,,,,,,,,,,0.0,0.0,0.0
Grenada,,,,,,,,,,,,,,,,29.0,0.0,71.0
Guadeloupe,,,,,,,,,,,,,,,,0.0,0.0,0.0
Guam,,,,,,,,,,,,,,,,0.0,0.0,100.0
Guatemala,,,,,,,,,,,,,,,,32.0,42.0,26.0
Guernsey,,,,,,,,,,,,,,,,0.0,0.0,0.0
Guinea,,,,,,,,,,,,,,,,0.0,0.0,0.0
Guinea-Bissau,,,,,,,,,,,,,,,,0.0,0.0,0.0
Guyana,,,,,,,,,,,,,,,,14.0,6.0,80.0
Haiti,,,,,,,,,,,,,,,,61.0,15.0,24.0
Heard & McDonald Islands,,,,,,,,,,,,,,,,0.0,0.0,0.0
Honduras,,,,,,,,,,,,,,,,37.0,38.0,25.0
Hong Kong,,,,,,,,,,,,,,,,30.0,14.0,56.0
Hungary,,,,,,,,,,,,,,,,41.0,15.0,44.0
Iceland,,,,,,,,,,,,,,,,32.0,20.0,48.0
India,,,,,,,,,,,,,,,,29.0,7.0,64.0
Indonesia,,,,,,,,,,,,,,,,33.0,11.0,56.0
Iran,,,,,,,,,,,,,,,,48.0,11.0,41.0
Iraq,,,,,,,,,,,,,,,,71.0,7.0,22.0
Ireland,,,,,,,,,,,,,,,,36.0,13.0,51.0
Isle of Man,,,,,,,,,,,,,,,,0.0,37.0,63.0
Israel,,,,,,,,,,,,,,,,32.0,8.0,60.0
Italy,,,,,,,,,,,,,,,,60.0,15.0,25.0
Jamaica,,,,,,,,,,,,,,,,22.0,6.0,72.0
Japan,,,,,,,,,,,,,,,,39.0,11.0,50.0
Jersey,,,,,,,,,,,,,,,,54.0,0.0,46.0
Jordan,,,,,,,,,,,,,,,,40.0,10.0,50.0
Kazakhstan,,,,,,,,,,,,,,,,45.0,10.0,45.0
Kenya,,,,,,,,,,,,,,,,21.0,10.0,69.0
Kiribati,,,,,,,,,,,,,,,,0.0,0.0,0.0
Kosovo,,,,,,,,,,,,,,,,47.0,11.0,42.0
Kuwait,,,,,,,,,,,,,,,,28.0,11.0,61.0
Kyrgyzstan,,,,,,,,,,,,,,,,51.0,11.0,38.0
Laos,,,,,,,,,,,,,,,,69.0,9.0,22.0
Latvia,,,,,,,,,,,,,,,,51.0,9.0,40.0
Lebanon,,,,,,,,,,,,,,,,29.0,10.0,61.0
Lesotho,,,,,,,,,,,,,,,,10.0,0.0,90.0
Liberia,,,,,,,,,,,,,,,,0.0,0.0,100.0
Libya,,,,,,,,,,,,,,,,67.0,9.0,24.0
Liechtenstein,,,,,,,,,,,,,,,,0.0,0.0,0.0
Lithuania,,,,,,,,,,,,,,,,57.0,8.0,35.0
Luxembourg,,,,,,,,,,,,,,,,38.0,20.0,42.0
Macao,,,,,,,,,,,,,,,,31.0,11.0,58.0
Madagascar,,,,,,,,,,,,,,,,35.0,53.0,12.0
Malawi,,,,,,,,,,,,,,,,8.0,4.0,88.0
Malaysia,,,,,,,,,,,,,,,,24.0,6.0,70.0
Maldives,,,,,,,,,,,,,,,,9.0,6.0,85.0
Mali,,,,,,,,,,,,,,,,34.0,28.0,38.0
Malta,,,,,,,,,,,,,,,,18.0,14.0,68.0
Marshall Islands,,,,,,,,,,,,,,,,0.0,0.0,0.0
Martinique,,,,,,,,,,,,,,,,100.0,0.0,0.0
Mauritania,,,,,,,,,,,,,,,,100.0,0.0,0.0
Mauritius,,,,,,,,,,,,,,,,14.0,10.0,76.0
Mayotte,,,,,,,,,,,,,,,,0.0,0.0,0.0
Mexico,,,,,,,,,,,,,,,,30.0,38.0,32.0
Micronesia,,,,,,,,,,,,,,,,0.0,0.0,0.0
Moldova,,,,,,,,,,,,,,,,56.0,14.0,30.0
Monaco,,,,,,,,,,,,,,,,0.0,0.0,0.0
Mongolia,,,,,,,,,,,,,,,,40.0,9.0,51.0
Montenegro,,,,,,,,,,,,,,,,49.0,12.0,39.0
Montserrat,,,,,,,,,,,,,,,,0.0,0.0,0.0
Morocco,,,,,,,,,,,,,,,,42.0,23.0,35.0
Mozambique,,,,,,,,,,,,,,,,32.0,24.0,44.0
Myanmar (Burma),,,,,,,,,,,,,,,,20.0,7.0,73.0
Namibia,,,,,,,,,,,,,,,,11.0,4.0,85.0
Nauru,,,,,,,,,,,,,,,,0.0,0.0,0.0
Nepal,,,,,,,,,,,,,,,,19.0,6.0,75.0
Netherlands,,,,,,,,,,,,,,,,27.0,16.0,57.0
New Caledonia,,,,,,,,,,,,,,,,0.0,0.0,0.0
New Zealand,,,,,,,,,,,,,,,,38.0,13.0,49.0
Nicaragua,,,,,,,,,,,,,,,,54.0,25.0,21.0
Niger,,,,,,,,,,,,,,,,100.0,0.0,0.0
Nigeria,,,,,,,,,,,,,,,,19.0,7.0,74.0
Niue,,,,,,,,,,,,,,,,0.0,0.0,0.0
Norfolk Island,,,,,,,,,,,,,,,,0.0,0.0,0.0
North Korea,,,,,,,,,,,,,,,,0.0,0.0,0.0
North Macedonia,,,,,,,,,,,,,,,,55.0,10.0,35.0
Northern Mariana Islands,,,,,,,,,,,,,,,,0.0,0.0,0.0
Norway,,,,,,,,,,,,,,,,35.0,19.0,46.0
Oman,,,,,,,,,,,,,,,,22.0,10.0,68.0
Pakistan,,,,,,,,,,,,,,,,48.0,5.0,47.0
Palau,,,,,,,,,,,,,,,,0.0,0.0,0.0
Palestine,,,,,,,,,,,,,,,,63.0,10.0,27.0
Panama,,,,,,,,,,,,,,,,34.0,29.0,37.0
Papua New Guinea,,,,,,,,,,,,,,,,6.0,3.0,91.0
Paraguay,,,,,,,,,,,,,,,,38.0,41.0,21.0
Peru,,,,,,,,,,,,,,,,21.0,53.0,26.0
Philippines,,,,,,,,,,,,,,,,23.0,2.0,75.0
Pitcairn Islands,,,,,,,,,,,,,,,,0.0,0.0,0.0
Poland,,,,,,,,,,,,,,,,45.0,15.0,40.0
Portugal,,,,,,,,,,,,,,,,30.0,24.0,46.0
Puerto Rico,,,,,,,,,,,,,,,,41.0,10.0,49.0
Qatar,,,,,,,,,,,,,,,,32.0,11.0,57.0
Romania,,,,,,,,,,,,,,,,43.0,13.0,44.0
Russia,,,,,,,,,,,,,,,,72.0,10.0,18.0
Rwanda,,,,,,,,,,,,,,,,16.0,4.0,80.0
Réunion,,,,,,,,,,,,,,,,46.0,54.0,0.0
Samoa,,,,,,,,,,,,,,,,0.0,0.0,100.0
San Marino,,,,,,,,,,,,,,,,0.0,100.0,0.0
Saudi Arabia,,,,,,,,,,,,,,,,35.0,10.0,55.0
Senegal,,,,,,,,,,,,,,,,36.0,34.0,30.0
Serbia,,,,,,,,,,,,,,,,54.0,14.0,32.0
Seychelles,,,,,,,,,,,,,,,,0.0,0.0,100.0
Sierra Leone,,,,,,,,,,,,,,,,5.0,0.0,95.0
Singapore,,,,,,,,,,,,,,,,29.0,11.0,60.0
Sint Maarten,,,,,,,,,,,,,,,,0.0,0.0,0.0
Slovakia,,,,,,,,,,,,,,,,35.0,15.0,50.0
Slovenia,,,,,,,,,,,,,,,,51.0,13.0,36.0
Solomon Islands,,,,,,,,,,,,,,,,0.0,0.0,100.0
Somalia,,,,,,,,,,,,,,,,19.0,8.0,73.0
South Africa,,,,,,,,,,,,,,,,31.0,6.0,63.0
South Georgia & South Sandwich Islands,,,,,,,,,,,,,,,,0.0,0.0,0.0
South Korea,,,,,,,,,,,,,,,,74.0,9.0,17.0
South Sudan,,,,,,,,,,,,,,,,0.0,0.0,100.0
Spain,,,,,,,,,,,,,,,,27.0,32.0,41.0
Sri Lanka,,,,,,,,,,,,,,,,22.0,10.0,68.0
St. Barthélemy,,,,,,,,,,,,,,,,0.0,0.0,0.0
St. Helena,,,,,,,,,,,,,,,,73.0,9.0,18.0
St. Kitts & Nevis,,,,,,,,,,,,,,,,0.0,0.0,100.0
St. Lucia,,,,,,,,,,,,,,,,26.0,0.0,74.0
St. Martin,,,,,,,,,,,,,,,,0.0,0.0,0.0
St. Pierre & Miquelon,,,,,,,,,,,,,,,,0.0,0.0,0.0
St. Vincent & Grenadines,,,,,,,,,,,,,,,,32.0,0.0,68.0
Sudan,,,,,,,,,,,,,,,,42.0,13.0,45.0
Suriname,,,,,,,,,,,,,,,,47.0,0.0,53.0
Svalbard & Jan Mayen,,,,,,,,,,,,,,,,0.0,0.0,0.0
Sweden,,,,,,,,,,,,,,,,44.0,16.0,40.0
Switzerland,,,,,,,,,,,,,,,,27.0,21.0,52.0
Syria,,,,,,,,,,,,,,,,59.0,7.0,34.0
São Tomé & Príncipe,,,,,,,,,,,,,,,,0.0,0.0,0.0
Taiwan,,,,,,,,,,,,,,,,57.0,9.0,34.0
Tajikistan,,,,,,,,,,,,,,,,41.0,0.0,59.0
Tanzania,,,,,,,,,,,,,,,,13.0,4.0,83.0
Thailand,,,,,,,,,,,,,,,,43.0,12.0,45.0
Timor-Leste,,,,,,,,,,,,,,,,0.0,0.0,100.0
Togo,,,,,,,,,,,,,,,,41.0,20.0,39.0
Tokelau,,,,,,,,,,,,,,,,0.0,0.0,0.0
Tonga,,,,,,,,,,,,,,,,0.0,0.0,0.0
Trinidad & Tobago,,,,,,,,,,,,,,,,34.0,6.0,60.0
Tunisia,,,,,,,,,,,,,,,,42.0,26.0,32.0
Turkmenistan,,,,,,,,,,,,,,,,0.0,0.0,100.0
Turks & Caicos Islands,,,,,,,,,,,,,,,,48.0,0.0,52.0
Tuvalu,,,,,,,,,,,,,,,,0.0,0.0,0.0
Türkiye,,,,,,,,,,,,,,,,41.0,11.0,48.0
U.S. Outlying Islands,,,,,,,,,,,,,,,,0.0,0.0,0.0
U.S. Virgin Islands,,,,,,,,,,,,,,,,38.0,0.0,62.0
Uganda,,,,,,,,,,,,,,,,11.0,5.0,84.0
Ukraine,,,,,,,,,,,,,,,,64.0,6.0,30.0
United Arab Emirates,,,,,,,,,,,,,,,,41.0,11.0,48.0
United Kingdom,,,,,,,,,,,,,,,,44.0,12.0,44.0
United States,,,,,,,,,,,,,,,,31.0,8.0,61.0
Uruguay,,,,,,,,,,,,,,,,43.0,28.0,29.0
Uzbekistan,,,,,,,,,,,,,,,,39.0,8.0,53.0
Vanuatu,,,,,,,,,,,,,,,,0.0,0.0,100.0
Vatican City,,,,,,,,,,,,,,,,0.0,0.0,0.0
Venezuela,,,,,,,,,,,,,,,,56.0,28.0,16.0
Vietnam,,,,,,,,,,,,,,,,48.0,12.0,40.0
Wallis & Futuna,,,,,,,,,,,,,,,,0.0,0.0,0.0
Western Sahara,,,,,,,,,,,,,,,,0.0,0.0,0.0
Yemen,,,,,,,,,,,,,,,,53.0,8.0,39.0
Zambia,,,,,,,,,,,,,,,,11.0,8.0,81.0
Zimbabwe,,,,,,,,,,,,,,,,11.0,7.0,82.0
Åland Islands,,,,,,,,,,,,,,,,0.0,0.0,0.0
